,TP:,FP:,TN:,FN:,TPR:,TNR:,PPV:,NPV:,FNR:,FPR:,FDR:,FOR:,ACC:,AUC:,AUPRC:,F1:,MCC:,BM:,MK:
0,1409,132,1368,91,0.9393333333333334,0.912,0.9143413367942894,0.9376285126799178,0.06066666666666667,0.088,0.08565866320571058,0.06237148732008225,0.9256666666666666,0.966658888888889,0.9592863956345827,0.9266688589279842,0.8623328560848629,0.8513333333333333,0.8519698494742072
