,Foldid,tn,fp,fn,tp,loss,acc,auc,mcc,precision,recall,specificity,f1
0,0.0,10393.0,662.0,588.0,10468.0,0.14203473244656442,0.9434670525982543,0.9877948191551124,0.8869539400511354,0.9405211141060198,0.9468162083936325,0.9401175938489371,0.9436581628053727
1,1.0,10335.0,720.0,641.0,10415.0,0.14948274536672168,0.9384469268689792,0.9863870932798184,0.8769162025275425,0.9353390211046251,0.9420224312590448,0.9348710990502035,0.9386688297057365
2,2.0,10344.0,711.0,612.0,10444.0,0.1478198767220557,0.9401655284699924,0.9867568812954043,0.8803663067168613,0.9362617660242044,0.9446454413892909,0.935685210312076,0.9404349196344153
3,3.0,10349.0,706.0,622.0,10434.0,0.1467492117346301,0.9399393966803853,0.9869322027214278,0.8799041506689612,0.9366247755834829,0.9437409551374819,0.9361374943464496,0.9401693998918723
4,4.0,10466.0,590.0,554.0,10502.0,0.13428571348532753,0.9482633863965267,0.9889472328152848,0.8965315255506277,0.9468085106382979,0.9498914616497829,0.9466353111432706,0.9483474805851545
