,TP:,FP:,TN:,FN:,TPR:,TNR:,PPV:,NPV:,FNR:,FPR:,FDR:,FOR:,ACC:,AUC:,F1:,MCC:,BM:,MK:
0,2156,588,2197,597,0.7831456592807846,0.7888689407540395,0.7857142857142857,0.7863278453829635,0.2168543407192154,0.2111310592459605,0.21428571428571427,0.2136721546170365,0.78602383531961,0.8383823490091763,0.7844278697471349,0.6635999423071041,0.5720146000348241,0.5720421310972492
