,Foldid,tn,fp,fn,tp,loss,acc,auc,mcc,precision,recall,specificity,f1
0,0.0,10937.0,118.0,86.0,10970.0,0.028511878644221902,0.990773822984035,0.9994320595417858,0.9815517552715161,0.9893578643578643,0.9922214182344429,0.9893260967887834,0.9907875722543352
1,1.0,10886.0,169.0,125.0,10931.0,0.041115864743682666,0.9867034507711094,0.9986996547652475,0.9734146060609569,0.9847747747747748,0.9886939218523878,0.9847127996381728,0.9867304567611482
2,2.0,10803.0,252.0,166.0,10890.0,0.06180211726722163,0.9810953823888562,0.9976999867783827,0.9622198646911824,0.9773828756058158,0.9849855282199711,0.9772048846675713,0.981169474727453
3,3.0,10922.0,133.0,99.0,10957.0,0.034818922886141815,0.989507484962236,0.99904994580446,0.9790195967773124,0.9880072137060415,0.9910455861070911,0.9879692446856626,0.9895240675517024
4,4.0,10918.0,138.0,89.0,10967.0,0.03514482190065266,0.9897340810419681,0.9989639558301796,0.9794777818126806,0.9875731652408825,0.9919500723589001,0.9875180897250362,0.9897567799287036
