,TP:,FP:,TN:,FN:,TPR:,TNR:,PPV:,NPV:,FNR:,FPR:,FDR:,FOR:,ACC:,AUC:,F1:,MCC:,BM:,MK:
0,1350,101,1399,150,0.9,0.9326666666666666,0.9303928325292902,0.9031633311814073,0.1,0.06733333333333333,0.06960716747070986,0.09683666881859264,0.9163333333333333,0.9686364444444444,0.9149440867502542,0.8465851541134786,0.8326666666666667,0.8335561637106976
