,Foldid,tn,fp,fn,tp,loss,acc,auc,mcc,precision,recall,specificity,f1
0,0.0,9040.0,2015.0,1677.0,9379.0,0.36960716744861516,0.8330242865542038,0.9161329788696303,0.6663596106430532,0.8231525364226786,0.8483176555716353,0.8177295341474446,0.8355456570155901
1,1.0,9038.0,2017.0,1682.0,9374.0,0.37706144868230396,0.832707702048754,0.9124100668215298,0.6657206451295127,0.822930383636204,0.8478654124457308,0.8175486205336951,0.8352118323161224
2,2.0,9004.0,2051.0,1868.0,9188.0,0.3861465473726266,0.8227579033060468,0.9072048609406591,0.6456039933992453,0.8175104546667853,0.831041968162084,0.8144730890999548,0.8242206772819017
3,3.0,9076.0,1979.0,1743.0,9313.0,0.3781623734444896,0.8316674958165619,0.9119700880546616,0.663485854576921,0.8247431810131066,0.8423480463096961,0.8209859791949344,0.8334526579559692
4,4.0,9017.0,2039.0,1767.0,9289.0,0.38663083588766467,0.8278762662807525,0.9075738337624952,0.655951072978321,0.8200035310734464,0.8401772793053546,0.8155752532561505,0.8299678341672623
