,Foldid,tn,fp,fn,tp,loss,acc,auc,mcc,precision,recall,specificity,f1
0,0.0,9999.0,1056.0,882.0,10174.0,0.21186340105894286,0.9123513183483334,0.9730012081089094,0.8248046737875699,0.905966162065895,0.9202243125904487,0.9044776119402985,0.9130395764156871
1,1.0,10022.0,1033.0,880.0,10176.0,0.2119500585081328,0.9134819772963684,0.9729375790760707,0.8270430496493729,0.9078419127486841,0.9204052098408104,0.906558118498417,0.9140803952391646
2,2.0,9993.0,1062.0,887.0,10169.0,0.21687108076905673,0.911853828411198,0.9715496038096584,0.8238107456798466,0.9054402991719348,0.9197720694645442,0.9039348710990502,0.9125499169919684
3,3.0,10048.0,1007.0,845.0,10211.0,0.20414662646889326,0.9162407851295735,0.9747008445471629,0.8325708487778989,0.9102335532180424,0.9235709117221418,0.9089099954771597,0.9168537308072191
4,4.0,10012.0,1044.0,863.0,10193.0,0.21092050354900824,0.9137572358900145,0.97316597659776,0.8276253877293835,0.9070926403844443,0.9219428364688856,0.9055716353111433,0.9144574530121563
