,TP:,FP:,TN:,FN:,TPR:,TNR:,PPV:,NPV:,FNR:,FPR:,FDR:,FOR:,ACC:,AUC:,F1:,MCC:,BM:,MK:
0,2244,547,2173,574,0.7963094393186657,0.7988970588235295,0.8040128986026513,0.7910447761194029,0.2036905606813343,0.2011029411764706,0.19598710139734862,0.208955223880597,0.7975803539183821,0.8441038178933745,0.8001426279194153,0.6770473806329121,0.5952064981421952,0.5950576747220544
