,Foldid,tn,fp,fn,tp,loss,acc,auc,mcc,precision,recall,specificity,f1
0,0.0,10166.0,889.0,714.0,10342.0,0.18220577213410621,0.9275021482520013,0.9799839483348943,0.8551113294875695,0.9208440922446799,0.9354196816208393,0.9195838986883763,0.9280746623592229
1,1.0,10110.0,945.0,817.0,10239.0,0.19328266590055954,0.9203111573424992,0.9776152007034947,0.8406785788592263,0.9155042918454935,0.926103473227207,0.9145183175033921,0.920773381294964
2,2.0,10110.0,945.0,780.0,10276.0,0.19450879797327983,0.9219845325855909,0.9772000820132989,0.8440629709797616,0.9157829070492826,0.9294500723589001,0.9145183175033921,0.9225658751178345
3,3.0,10011.0,1044.0,865.0,10191.0,0.21411908603977206,0.913662882728054,0.9724320608508569,0.8274341017088135,0.9070761014686248,0.9217619392185239,0.9055630936227951,0.9143600556278318
4,4.0,10118.0,938.0,764.0,10292.0,0.19244389714438645,0.9230282199710564,0.977779494596382,0.8461612378136695,0.9164737310774711,0.9308972503617945,0.9151591895803184,0.9236291842412278
