,Foldid,tn,fp,fn,tp,loss,acc,auc,mcc,precision,recall,specificity,f1
0,0.0,8648.0,2407.0,2178.0,8878.0,0.43896884671502334,0.7926371489303966,0.8777101983504396,0.5853995068502686,0.7867080194949048,0.8030028943560058,0.7822704658525554,0.7947719439595363
1,1.0,8620.0,2435.0,1975.0,9081.0,0.43117738599278194,0.800551761566641,0.8824003175151738,0.6016237787384784,0.7885550538381383,0.8213639652677279,0.7797376752600633,0.8046251993620415
2,2.0,8829.0,2226.0,1912.0,9144.0,0.41132437492192214,0.8128533309212609,0.8946400210171351,0.6259587067731202,0.804221635883905,0.8270622286541245,0.7986431478968793,0.8154820297868546
3,3.0,8753.0,2302.0,1919.0,9137.0,0.4172927253168995,0.809099543213785,0.8904099257691284,0.6185697927950974,0.7987586327476178,0.8264290882778582,0.7917684305744007,0.8123583018448544
4,4.0,8881.0,2175.0,1809.0,9247.0,0.4007038293371325,0.8198263386396527,0.9006174951202247,0.6400034594166771,0.8095780073542287,0.8363784370477568,0.8032742402315485,0.8227600320313195
