,Foldid,tn,fp,fn,tp,loss,acc,auc,mcc,precision,recall,specificity,f1
0,0.0,8342.0,2713.0,2331.0,8725.0,0.48252541282101385,0.7718782506444756,0.8485199070428675,0.5440806758505469,0.7628081832488197,0.7891642547033285,0.7545906829488919,0.7757624255356984
1,1.0,8180.0,2875.0,2689.0,8367.0,0.5144394678368852,0.7483605445253494,0.8240951251177345,0.4967910194731571,0.7442625867283401,0.7567836468885673,0.7399366802351877,0.7504708942506054
2,2.0,8535.0,2520.0,2585.0,8471.0,0.4789559479392932,0.7691194428112704,0.84995898516888,0.5382483105294171,0.770721499408607,0.7661903039073806,0.7720488466757124,0.7684492221163878
3,3.0,7931.0,3124.0,2085.0,8971.0,0.4945590487544817,0.7644159015874452,0.8396998529258718,0.5311807990668926,0.7417114510128152,0.8114146164978292,0.7174129353233831,0.7749989201330395
4,4.0,8601.0,2455.0,2659.0,8397.0,0.4863695663584642,0.7687228654124457,0.8457801814038151,0.5375372431960331,0.7737744194618503,0.7594971056439942,0.7779486251808972,0.7665692897571662
