,Foldid,tn,fp,fn,tp,loss,acc,auc,mcc,precision,recall,specificity,f1
0,0.0,10863.0,192.0,155.0,10901.0,0.04706056434567643,0.9843064538012753,0.9984382741927778,0.9686183274248616,0.9826917876138105,0.985980463096961,0.9826322930800543,0.9843333784820985
1,1.0,10801.0,254.0,193.0,10863.0,0.060197997133501414,0.9797838180091357,0.9974644726309251,0.9595822327649307,0.9771521093820276,0.9825434153400868,0.9770239710538218,0.9798403463672033
2,2.0,10811.0,244.0,175.0,10881.0,0.054238693966648155,0.9810501560309348,0.9979952436541146,0.9621190402123503,0.9780674157303371,0.984171490593343,0.9779285391225689,0.9811099589738965
3,3.0,10806.0,249.0,187.0,10869.0,0.06065841214440284,0.9802813079462711,0.9974698561854587,0.9605777112272679,0.9776038855909336,0.9830861070911722,0.9774762550881954,0.9803373320104627
4,4.0,10856.0,200.0,142.0,10914.0,0.04920641611954069,0.9845332850940666,0.998195788811492,0.9690799051723991,0.9820046787835163,0.9871562952243126,0.9819102749638206,0.984573748308525
