,Foldid,tn,fp,fn,tp,loss,acc,auc,mcc,precision,recall,specificity,f1
0,0.0,9000.0,2055.0,2101.0,8955.0,0.4048758109277616,0.8120392564786758,0.8964187539803941,0.6240839851660944,0.8133514986376021,0.8099674384949349,0.8141112618724559,0.8116559412671077
1,1.0,9096.0,1959.0,2181.0,8875.0,0.40596166128683303,0.8127628782054181,0.8961290811106943,0.6256522480333202,0.8191803581318072,0.8027315484804631,0.8227951153324288,0.8108725445408862
2,2.0,7765.0,3290.0,2649.0,8407.0,0.5273106569275755,0.7314006603048256,0.8104054045651232,0.4635797795730292,0.7187312986235787,0.7604015918958031,0.70239710538218,0.7389794752340352
3,3.0,8865.0,2190.0,2441.0,8615.0,0.4509357909842255,0.7905567364660124,0.8680659940332544,0.5812637288072563,0.7973160573808422,0.7792149059334298,0.8018995929443691,0.788161566259549
4,4.0,9059.0,1997.0,2005.0,9051.0,0.39598447556692334,0.8190123010130246,0.9016510072848448,0.6380247690549081,0.819243301955105,0.818650506512301,0.8193740955137482,0.8189467969598262
