,Foldid,tn,fp,fn,tp,loss,acc,auc,mcc,precision,recall,specificity,f1
0,0.0,7877.0,3178.0,2564.0,8492.0,0.5211167712261425,0.7403102528153408,0.8184021757414741,0.4813621496293553,0.7276778063410454,0.7680897250361794,0.7125282677521484,0.7473378509196515
1,1.0,7923.0,3132.0,2439.0,8617.0,0.5121627925969244,0.7480439600198996,0.8246585165541848,0.4970640015795268,0.7334241212018044,0.7793958031837916,0.7166892808683853,0.7557114667836002
2,2.0,8079.0,2976.0,2597.0,8459.0,0.516370499496905,0.7479535073040569,0.8220384559245609,0.49619789113662377,0.739746392654132,0.7651049204052098,0.7308005427408413,0.7522119959094749
3,3.0,8039.0,3016.0,2396.0,8660.0,0.5098065041195321,0.7552349509294016,0.8284451189978276,0.511273284733098,0.7416923603973964,0.7832850940665702,0.7271822704658526,0.7619215203237727
4,4.0,8299.0,2757.0,2239.0,8817.0,0.4739163099166798,0.7740593342981187,0.8535675454232733,0.5487212611811016,0.761793675479523,0.7974855282199711,0.7506331403762663,0.7792311091471498
