,Foldid,tn,fp,fn,tp,loss,acc,auc,mcc,precision,recall,specificity,f1
0,0.0,9356.0,1699.0,1492.0,9564.0,0.325934620564766,0.8556826918728235,0.9348286769677465,0.7114898660149694,0.8491520909171624,0.8650506512301013,0.8463138851198553,0.8570276446077333
1,1.0,8940.0,2115.0,1827.0,9229.0,0.39301732915868204,0.8217176970738547,0.9032983966825523,0.6436534097215065,0.8135578279266573,0.8347503617945007,0.8086838534599728,0.8240178571428571
2,2.0,9133.0,1922.0,1918.0,9138.0,0.38118074506482136,0.8263307855818371,0.9093742861472143,0.6526616074886089,0.8262206148282097,0.826519536903039,0.8261420171867933,0.8263700488334237
3,3.0,9455.0,1600.0,1522.0,9534.0,0.32598740586237734,0.8588033105693998,0.9348543756680353,0.7176243914343061,0.8562960301778336,0.8623371924746743,0.8552691090004523,0.8593059936908516
4,4.0,9131.0,1925.0,1586.0,9470.0,0.35749397882935624,0.8412174384949349,0.9211367098245794,0.682755903514805,0.8310662571303203,0.856548480463097,0.8258863965267728,0.8436149837423722
