,Foldid,tn,fp,fn,tp,loss,acc,auc,mcc,precision,recall,specificity,f1
0,0.0,5959.0,41.0,25.0,5975.0,0.018282178385561565,0.9945,0.9997498333333332,0.989003516463199,0.9931848404255319,0.9958333333333333,0.9931666666666666,0.9945073235685752
1,1.0,5979.0,21.0,24.0,5976.0,0.013542480596045304,0.99625,0.9998244722222223,0.9925001240625233,0.9964982491245623,0.996,0.9965,0.9962490622655664
2,2.0,5948.0,52.0,43.0,5957.0,0.023053107732618323,0.9920833333333333,0.9996109166666667,0.9841677738560352,0.9913463138625396,0.9928333333333333,0.9913333333333333,0.9920892663835457
3,3.0,5948.0,52.0,42.0,5958.0,0.021788421856661442,0.9921666666666666,0.9996692499999998,0.9843347004658111,0.9913477537437604,0.993,0.9913333333333333,0.992173189009159
4,4.0,5928.0,72.0,54.0,5946.0,0.028196864270042473,0.9895,0.9994448333333333,0.9790044055297374,0.9880358923230309,0.991,0.988,0.9895157264103844
