,Foldid,tn,fp,fn,tp,loss,acc,auc,mcc,precision,recall,specificity,f1
0,0.0,10795.0,260.0,193.0,10863.0,0.059340361984739215,0.9795124598616074,0.997780236922217,0.9590425202564064,0.9766250112379754,0.9825434153400868,0.9764812302125735,0.9795752739077506
1,1.0,10861.0,194.0,151.0,10905.0,0.04873302757415189,0.9843969065171182,0.9984837685012642,0.9688011354998209,0.9825209478331381,0.9863422575976846,0.9824513794663048,0.9844278943805009
2,2.0,10697.0,358.0,263.0,10793.0,0.07630446366687776,0.9719144317308127,0.9963804841075505,0.9438636895341372,0.9678952560308492,0.976212011577424,0.9676164631388512,0.9720358445535192
3,3.0,10870.0,185.0,132.0,10924.0,0.04397039732205313,0.9856632445389173,0.9987573684334544,0.971337644695764,0.9833468358988208,0.9880607814761215,0.9832654907281773,0.9856981727949469
4,4.0,10869.0,187.0,122.0,10934.0,0.04359165451192201,0.9860256874095513,0.9987969416584116,0.9720681745039614,0.9831849653808111,0.9889652677279306,0.9830861070911722,0.9860666456238446
