,Foldid,tn,fp,fn,tp,loss,acc,auc,mcc,precision,recall,specificity,sensitivity,f1,prauc,av_prc
0,0.0,9760.0,176.0,106.0,9830.0,0.045668178791744146,0.9858091787439613,0.9985709972973568,0.9716424706850921,0.9824105536677993,0.9893317230273752,0.9822866344605475,0.9893317230273752,0.9858589910741149,0.9982568566947057,0.998255911513432
1,1.0,9773.0,163.0,113.0,9823.0,0.04336583907187327,0.9861111111111112,0.9987889937224647,0.9722345322955321,0.9836771480072101,0.9886272141706924,0.9835950080515298,0.9886272141706924,0.9861459692801927,0.9985753696653057,0.9985302794711053
2,2.0,9731.0,205.0,128.0,9808.0,0.05087400214062725,0.9832427536231884,0.9984327483738115,0.9665145303062098,0.97952661539998,0.9871175523349437,0.9793679549114331,0.9871175523349437,0.9833074339565891,0.9983085730380213,0.998308655292766
3,3.0,9777.0,159.0,110.0,9826.0,0.04054877477088394,0.9864633655394525,0.9989623353958087,0.9729385622315108,0.9840761141712568,0.9889291465378421,0.9839975845410628,0.9889291465378421,0.986496661814166,0.998867078791615,0.9988671004488915
4,4.0,9782.0,154.0,105.0,9831.0,0.04387506296773458,0.9869665861513688,0.9986674732377391,0.9739450156940447,0.984576865297947,0.9894323671497585,0.9845008051529791,0.9894323671497585,0.9869986446463531,0.9985459126700478,0.9985459250138933
