,Foldid,tn,fp,fn,tp,loss,acc,auc,mcc,precision,recall,specificity,f1
0,0.0,10863.0,192.0,159.0,10897.0,0.04888083066070702,0.9841255483695898,0.998528293279033,0.9682554059112519,0.9826855442330237,0.9856186685962374,0.9826322930800543,0.9841499209753893
1,1.0,10773.0,282.0,208.0,10848.0,0.0608738226454076,0.9778390846185157,0.9975317056998915,0.9556995650644313,0.9746630727762803,0.9811866859623734,0.9744911804613298,0.9779139998197061
2,2.0,10800.0,255.0,189.0,10867.0,0.05847501452269394,0.9799194970828999,0.9976688717967851,0.9598560877775133,0.9770724689803992,0.9829052098408104,0.9769335142469471,0.9799801605194337
3,3.0,10848.0,207.0,162.0,10894.0,0.045779104326982616,0.9833114739270047,0.9985516192881142,0.9666309492144957,0.9813530312584452,0.9853473227206947,0.9812754409769335,0.983346120864738
4,4.0,10808.0,248.0,199.0,10857.0,0.06011635313208896,0.9797847322720694,0.9974650701088106,0.9595788888402187,0.9776677172444844,0.9820007235890015,0.9775687409551375,0.97982943007987
