,Foldid,tn,fp,fn,tp,loss,acc,auc,mcc,precision,recall,specificity,f1
0,0.0,9443.0,1612.0,1444.0,9612.0,0.3169389964282219,0.8617882501922121,0.9387052248624003,0.723659868596753,0.8563791874554526,0.8693921852387844,0.8541836273179557,0.8628366247755835
1,1.0,9336.0,1719.0,1447.0,9609.0,0.32360079622641763,0.8568133508208584,0.9361083593347564,0.7138424651652902,0.8482521186440678,0.8691208393632417,0.8445047489823609,0.8585596854896355
2,2.0,9299.0,1756.0,1442.0,9614.0,0.33223063549717874,0.8553661073673737,0.9329955030138088,0.7110186842553676,0.8455584872471416,0.8695730824891461,0.8411578471279963,0.85739766342638
3,3.0,9495.0,1560.0,1390.0,9666.0,0.3091033171304859,0.86658224413188,0.9417866348431505,0.7332509963423336,0.8610368786745056,0.8742764109985528,0.858887381275441,0.8676061394847859
4,4.0,9403.0,1653.0,1474.0,9582.0,0.3233552863214882,0.8585835745296672,0.9362225767883958,0.7172611615988442,0.8528704939919893,0.8666787264833574,0.8504884225759769,0.8597191691714144
