,Foldid,tn,fp,fn,tp,loss,acc,auc,mcc,precision,recall,specificity,f1
0,0.0,10848.0,207.0,171.0,10885.0,0.051721139149479615,0.982904436705712,0.9981061260596111,0.9658139888135713,0.9813379011900469,0.9845332850940666,0.9812754409769335,0.9829329962073325
1,1.0,10782.0,273.0,217.0,10839.0,0.06119736896261804,0.9778390846185157,0.9974963812368234,0.9556904195299998,0.9754319654427646,0.9803726483357453,0.9753052917232021,0.9778960664020209
2,2.0,10717.0,338.0,234.0,10822.0,0.07282197430448839,0.9741305232689611,0.99645695430884,0.94830298456696,0.9697132616487455,0.97883502170767,0.9694255992763455,0.9742527907814189
3,3.0,10759.0,296.0,222.0,10834.0,0.0660618229941316,0.9765727465967166,0.9970132808526765,0.95316683151131,0.9734052111410602,0.9799204052098408,0.9732247851650837,0.9766519426665464
4,4.0,10756.0,300.0,225.0,10831.0,0.06719362264695845,0.9762572358900145,0.9970030548335955,0.9525363888777036,0.9730482436438774,0.9796490593342981,0.9728654124457308,0.9763374949294632
