,Foldid,tn,fp,fn,tp,loss,acc,auc,mcc,precision,recall,specificity,f1
0,0.0,10784.0,271.0,183.0,10873.0,0.059517627690540205,0.9794672335036859,0.9978174595382512,0.9589648321872734,0.9756819813352476,0.9834479015918958,0.9754862053369516,0.9795495495495495
1,1.0,10826.0,229.0,150.0,10906.0,0.051998888615713064,0.9828592103477907,0.9982104999276739,0.9657430662398157,0.9794342164346654,0.9864327062228654,0.9792853912256897,0.9829210040106349
2,2.0,10860.0,195.0,116.0,10940.0,0.045993303134312956,0.9859346026864456,0.9985899055243452,0.9718940099591991,0.9824876515491693,0.9895079594790159,0.9823609226594301,0.9859853093596503
3,3.0,10889.0,166.0,105.0,10951.0,0.04067737434769867,0.9877436570033016,0.9989078175102647,0.975502157094161,0.985067914005577,0.9905028943560058,0.9849841700587969,0.9877779281107654
4,4.0,10936.0,120.0,87.0,10969.0,0.032974730612199306,0.9906385672937771,0.9990243762644482,0.9812815057445506,0.9891784651456398,0.992130969609262,0.9891461649782923,0.9906525174983065
