,Foldid,tn,fp,fn,tp,loss,acc,auc,mcc,precision,recall,specificity,sensitivity,f1,prauc,av_prc
0,0.0,9865.0,71.0,51.0,9885.0,0.021813205662644157,0.9938607085346216,0.9995085495642321,0.9877234180486566,0.9928686219365207,0.9948671497584541,0.9928542673107891,0.9948671497584541,0.9938668811582546,0.9994609560228171,0.9994609703689838
1,1.0,9856.0,80.0,58.0,9878.0,0.020218278313025265,0.9930555555555556,0.999677707861716,0.9861135283504278,0.9919662582847961,0.9941626409017713,0.9919484702093397,0.9941626409017713,0.9930632351462753,0.9996611610793795,0.9996611795197864
2,2.0,9872.0,64.0,50.0,9886.0,0.020992835649373456,0.9942632850241546,0.9995856735927975,0.9885275513259509,0.9935678391959799,0.9949677938808373,0.9935587761674718,0.9949677938808373,0.9942673237453484,0.9995501857549672,0.9995502122183536
3,3.0,9861.0,75.0,66.0,9870.0,0.022178787703450765,0.9929045893719807,0.9995975906429166,0.9858095831568445,0.9924585218702866,0.9933574879227053,0.9924516908212561,0.9933574879227053,0.9929078014184397,0.9995877166699467,0.9995877309178482
4,4.0,9852.0,84.0,68.0,9868.0,0.024834156591974233,0.9923510466988728,0.9995204767435906,0.9847033701084797,0.9915594855305466,0.9931561996779388,0.9915458937198067,0.9931561996779388,0.992357200321802,0.9995097804018884,0.9995097976535379
