,Foldid,tn,fp,fn,tp,loss,acc,auc,mcc,precision,recall,specificity,f1
0,0.0,10898.0,157.0,113.0,10943.0,0.038232012109308766,0.987788883361223,0.9989962657113067,0.9755854888295786,0.9858558558558559,0.9897793053545586,0.9857982813206694,0.9878136847806465
1,1.0,10942.0,113.0,77.0,10979.0,0.02683691498126162,0.9914069919949346,0.999390725624607,0.9828191920885416,0.9898124774612334,0.9930354558610709,0.989778380823157,0.9914213472999819
2,2.0,10940.0,115.0,88.0,10968.0,0.03211164433462105,0.9908190493419565,0.9991121716768088,0.9816410241000046,0.9896237480826491,0.992040520984081,0.9895974672094076,0.9908306608247888
3,3.0,10931.0,124.0,98.0,10958.0,0.03146988815896678,0.98995974854145,0.9991958458595066,0.9799222047994779,0.9888106839920592,0.9911360347322721,0.9887833559475351,0.989971993856717
4,4.0,10963.0,93.0,62.0,10994.0,0.02540025905653846,0.9929902315484804,0.9994124398078144,0.9859843389580395,0.9916117976007938,0.9943921852387844,0.9915882778581766,0.9930000451609989
