,TP:,FP:,TN:,FN:,TPR:,TNR:,PPV:,NPV:,FNR:,FPR:,FDR:,FOR:,ACC:,AUC:,F1:,MCC:,BM:,MK:
0,2226,549,2221,542,0.8041907514450867,0.8018050541516245,0.8021621621621622,0.8038364096996019,0.1958092485549133,0.19819494584837546,0.19783783783783784,0.19616359030039812,0.8029974720115565,0.8487143553974249,0.8031751758975284,0.6836141727089474,0.6059958055967112,0.6059985718617642
