,Foldid,tn,fp,fn,tp,loss,acc,auc,mcc,precision,recall,specificity,sensitivity,f1,prauc,av_prc
0,0.0,9862.0,74.0,55.0,9881.0,0.023781836647234763,0.9935084541062802,0.9994740746980353,0.9870187128078693,0.9925665494726268,0.9944645732689211,0.9925523349436393,0.9944645732689211,0.9935146548690361,0.9994801011096034,0.999480119777221
1,1.0,9851.0,85.0,60.0,9876.0,0.02174115697447407,0.9927033011272142,0.9996205283054707,0.9854097214627859,0.9914667202088143,0.9939613526570048,0.9914452495974235,0.9939613526570048,0.9927124692164648,0.9995858805276423,0.9995858691167128
2,2.0,9821.0,115.0,78.0,9858.0,0.02930209326283461,0.9902878421900161,0.9993077576521947,0.9805824832372908,0.9884688659380327,0.9921497584541062,0.9884259259259259,0.9921497584541062,0.9903058918077251,0.9992863755630566,0.9992864137244848
3,3.0,9833.0,103.0,81.0,9855.0,0.030727282285309944,0.9907407407407407,0.9991908814237206,0.9814838873722567,0.989656557541675,0.9918478260869565,0.989633655394525,0.9918478260869565,0.9907509801950336,0.9989238053724359,0.9988265030001973
4,4.0,9865.0,71.0,61.0,9875.0,0.02264142750364088,0.9933574879227053,0.9995569622638024,0.9867154755793993,0.9928614518399357,0.9938607085346216,0.9928542673107891,0.9938607085346216,0.9933608288904537,0.9995763720414286,0.9995763860947862
