,Foldid,tn,fp,fn,tp,loss,acc,auc,mcc,precision,recall,specificity,f1
0,0.0,10785.0,270.0,171.0,10885.0,0.060375542667723915,0.9800551761566642,0.9978168868196842,0.9601488334620395,0.9757956073509637,0.9845332850940666,0.9755766621438263,0.9801449732114716
1,1.0,10825.0,230.0,138.0,10918.0,0.05205069124876555,0.983356700284926,0.9984460918012227,0.9667468621196155,0.9793684965913169,0.9875180897250362,0.979194934418815,0.9834264096559179
2,2.0,10670.0,385.0,276.0,10780.0,0.08492998002660328,0.9701053774139569,0.9956103658133487,0.9402564288112362,0.9655172413793104,0.9750361794500724,0.9651741293532339,0.9702533639350164
3,3.0,10920.0,135.0,76.0,10980.0,0.03537272908210345,0.9904572384785854,0.9991658231340339,0.9809284410724357,0.9878542510121457,0.9931259044862518,0.9877883310719131,0.9904830634612782
4,4.0,10807.0,249.0,161.0,10895.0,0.05708017178902783,0.981458031837916,0.9979445108156138,0.9629465670833244,0.9776561378320172,0.9854377713458755,0.9774782923299565,0.9815315315315315
