,Foldid,tn,fp,fn,tp,loss,acc,auc,mcc,precision,recall,specificity,f1
0,0.0,9356.0,1699.0,1706.0,9350.0,0.34691715024822434,0.8460042512776446,0.9261704731178995,0.6920086494591154,0.84623042809304,0.8456946454413893,0.8463138851198553,0.8459624519339515
1,1.0,9045.0,2010.0,1721.0,9335.0,0.3740562529583529,0.8312604585952693,0.9128889536333592,0.66274699859102,0.8228294402820626,0.8443379160636758,0.8181818181818182,0.8334449354939512
2,2.0,9298.0,1757.0,1583.0,9473.0,0.3416348347740006,0.8489439645425354,0.92813688186485,0.6979741661268658,0.8435440783615316,0.8568198263386396,0.8410673903211217,0.8501301265368393
3,3.0,9214.0,1841.0,1758.0,9298.0,0.35798757685815336,0.8372303378408936,0.9205136254656203,0.6744795728413102,0.8347248406499685,0.8409913169319826,0.8334690185436454,0.8378463617931966
4,4.0,9140.0,1916.0,1853.0,9203.0,0.37912054390103356,0.8295495658465991,0.9106685699601136,0.6591098324959572,0.8276823455346703,0.8323986975397974,0.8267004341534009,0.8300338218714769
