,Foldid,tn,fp,fn,tp,loss,acc,auc,mcc,precision,recall,specificity,sensitivity,f1,prauc,av_prc
0,0.0,8279.0,1657.0,1532.0,8404.0,0.34690548852685954,0.8395229468599034,0.9254389171616217,0.6790996361804869,0.8353046416857172,0.8458132045088567,0.8332326892109501,0.8458132045088567,0.8405260789118367,0.9267274456460578,0.926731835872585
1,1.0,8461.0,1475.0,1490.0,8446.0,0.33123383204334217,0.8507950885668277,0.932491800178145,0.7015909766246919,0.851325471222659,0.8500402576489533,0.851549919484702,0.8500402576489533,0.8506823790099208,0.9319663686841398,0.9320214223439257
2,2.0,8228.0,1708.0,1509.0,8427.0,0.36170306789798246,0.8381139291465378,0.9190075744020995,0.6763635260765292,0.8314750863344844,0.8481280193236715,0.8280998389694042,0.8481280193236715,0.8397189975586667,0.9177520856855101,0.917757463992112
3,3.0,8150.0,1786.0,1647.0,8289.0,0.3843499441509661,0.8272443639291466,0.9082828015968867,0.6545527812840423,0.8227295285359801,0.8342391304347826,0.8202495974235104,0.8342391304347826,0.8284443556044174,0.9062795800044999,0.9063433861650253
4,4.0,7957.0,1979.0,1711.0,8225.0,0.4022795333378557,0.8143115942028986,0.8976250792916858,0.6288519820059245,0.8060564484515876,0.8277979066022544,0.8008252818035426,0.8277979066022544,0.8167825223435948,0.8923744170795501,0.8923821917113441
