,Foldid,tn,fp,fn,tp,loss,acc,auc,mcc,precision,recall,specificity,f1
0,0.0,8900.0,2155.0,1835.0,9221.0,0.39902896086626516,0.8195468318936276,0.9001151123412015,0.6393610775160852,0.8105661040787623,0.8340267727930536,0.8050655811849842,0.8221291012838802
1,1.0,9105.0,1950.0,1814.0,9242.0,0.37395510721614256,0.8297679887838633,0.913039983610431,0.659585696489128,0.8257684060042888,0.8359261939218524,0.8236092265943012,0.8308162531463502
2,2.0,9367.0,1688.0,1681.0,9375.0,0.3373225895813204,0.8476324001628149,0.9298015497437164,0.6952649303428611,0.8474193256801953,0.8479558610709117,0.8473089099954771,0.8476875084768752
3,3.0,9094.0,1961.0,1768.0,9288.0,0.3759881173958907,0.8313509113111122,0.9120758896282959,0.6628025613053035,0.8256733931905058,0.8400868306801736,0.8226142017186794,0.832817753866846
4,4.0,9329.0,1727.0,1767.0,9289.0,0.3488635380257746,0.8419862518089725,0.9244786826269004,0.6839769800998519,0.8432280319535221,0.8401772793053546,0.8437952243125905,0.841699891264951
