,TP:,FP:,TN:,FN:,TPR:,TNR:,PPV:,NPV:,FNR:,FPR:,FDR:,FOR:,ACC:,AUC:,F1:,MCC:,BM:,MK:
0,2203,513,2278,544,0.8019657808518383,0.816194912217843,0.811119293078056,0.8072289156626506,0.19803421914816163,0.18380508778215693,0.18888070692194403,0.1927710843373494,0.8091368725171542,0.8621927154955009,0.8065165659893831,0.6910648786769583,0.6181606930696812,0.6183482087407066
