,Foldid,tn,fp,fn,tp,loss,acc,auc,mcc,precision,recall,specificity,f1
0,0.0,9302.0,1753.0,1581.0,9475.0,0.3415418308251673,0.8492153226900637,0.9278647096382318,0.6985149746137982,0.8438724617028857,0.8570007235890015,0.8414292175486205,0.8503859271225992
1,1.0,9525.0,1530.0,1601.0,9455.0,0.31884108909105574,0.8583962733481073,0.9374486107811162,0.7168074104916425,0.8607191624943105,0.8551917510853835,0.8616010854816825,0.8579465541490858
2,2.0,9533.0,1522.0,1470.0,9586.0,0.31316134463947676,0.8646827370991814,0.9402786832185606,0.7293734841966255,0.8629816348577601,0.867040520984081,0.8623247399366802,0.8650063165493593
3,3.0,9168.0,1887.0,1771.0,9285.0,0.37520982062044034,0.8345619827235313,0.912850356492763,0.6691606437143442,0.8310955961331902,0.839815484804631,0.8293080054274085,0.8354327874752565
4,4.0,8892.0,2164.0,1746.0,9310.0,0.38800209918087714,0.8231729377713459,0.9057725022697238,0.6468083176624888,0.8113996862471675,0.8420767004341534,0.8042691751085383,0.8264536173990236
