,Foldid,tn,fp,fn,tp,loss,acc,auc,mcc,precision,recall,specificity,f1
0,0.0,10669.0,386.0,257.0,10799.0,0.08107729428543185,0.9709194518565419,0.9959394458113328,0.9419029959362331,0.9654894948591864,0.9767547033285094,0.9650836725463591,0.9710894294321298
1,1.0,10730.0,325.0,206.0,10850.0,0.06993421766355874,0.9759848039437384,0.9969129732864423,0.9520247373118335,0.970917225950783,0.9813675832127352,0.9706015377657169,0.9761144347982548
2,2.0,10689.0,366.0,260.0,10796.0,0.07877900836671106,0.9716882999412058,0.9962153325269455,0.9434199403145934,0.967210177387565,0.9764833574529667,0.9668928086838534,0.9718246466828698
3,3.0,10727.0,328.0,229.0,10827.0,0.07310433396463462,0.9748089186377821,0.9966059306807628,0.9496558934365965,0.9705961452263558,0.9792872648335745,0.9703301673450927,0.9749223357795687
4,4.0,10693.0,363.0,265.0,10791.0,0.07962390324222153,0.9715991316931982,0.9960319469845397,0.943235319057317,0.9674556213017751,0.9760311143270622,0.9671671490593343,0.9717244484466455
