,Foldid,tn,fp,fn,tp,loss,acc,auc,mcc,precision,recall,specificity,f1
0,0.0,10442.0,613.0,495.0,10561.0,0.13007443324341325,0.9498891954230926,0.9900061428157201,0.8998295989225732,0.9451405047431537,0.9552279305354558,0.9445499773857983,0.9501574448942871
1,1.0,10343.0,712.0,578.0,10478.0,0.1496343897687365,0.9416579982813984,0.9867195523173502,0.8833808237723958,0.9363717605004468,0.9477206946454414,0.9355947535052013,0.9420120471095927
2,2.0,10429.0,626.0,491.0,10565.0,0.1341801932388469,0.9494821582018,0.9892179511598695,0.8990312908651913,0.944062192833527,0.9555897250361794,0.9433740388964269,0.9497909830538949
3,3.0,10385.0,670.0,522.0,10534.0,0.14078596386224346,0.9460901813576953,0.9881391416486834,0.8922602526878387,0.9401999285969297,0.9527858176555717,0.9393939393939394,0.9464510332434861
4,4.0,10385.0,671.0,532.0,10524.0,0.1440977137077562,0.9455951519536903,0.9874996294027929,0.8912607449030628,0.9400625279142474,0.9518813314037626,0.939308972503618,0.9459350141566671
