,Foldid,tn,fp,fn,tp,loss,acc,auc,mcc,precision,recall,specificity,sensitivity,f1,prauc,av_prc
0,0.0,9861.0,75.0,60.0,9876.0,0.025333842680225826,0.9932065217391305,0.9993266790713383,0.9864141675367387,0.9924630690382876,0.9939613526570048,0.9924516908212561,0.9939613526570048,0.993211645798763,0.9992878931831836,0.9992858706194354
1,1.0,9870.0,66.0,57.0,9879.0,0.02223798055330182,0.9938103864734299,0.9995303476873569,0.9876211781029214,0.9933634992458522,0.9942632850241546,0.9933574879227053,0.9942632850241546,0.9938131884714049,0.9993881578697026,0.9993814920728613
2,2.0,9864.0,72.0,53.0,9883.0,0.022251893922452436,0.9937097423510467,0.9995319987533742,0.9874212900334461,0.9927674535409342,0.9946658615136876,0.9927536231884058,0.9946658615136876,0.9937157508420894,0.9995058045880847,0.9995058346248096
3,3.0,9798.0,138.0,98.0,9838.0,0.035300382481019604,0.9881239935587761,0.9991157984368882,0.9762558981333487,0.9861668003207699,0.9901368760064412,0.9861111111111112,0.9901368760064412,0.9881478505423864,0.999101168601033,0.9991012155436275
4,4.0,9855.0,81.0,65.0,9871.0,0.02373686873681799,0.9926529790660226,0.9995038141448265,0.9853072356257172,0.9918609324758842,0.9934581320450886,0.9918478260869565,0.9934581320450886,0.9926588897827836,0.999350441014376,0.9993018699205547
