,Foldid,tn,fp,fn,tp,loss,acc,auc,mcc,precision,recall,specificity,sensitivity,f1,prauc,av_prc
0,0.0,6858.0,91.0,30.0,6919.0,0.027930331717007123,0.9912937113253706,0.9993838607997777,0.9826252827154487,0.987018544935806,0.9956828320621672,0.9869045905885739,0.9956828320621672,0.9913317572892041,0.9993352007226238,0.9993352339113711
1,1.0,6857.0,92.0,29.0,6920.0,0.025575491010743075,0.9912937113253706,0.9995430598620988,0.982627806197011,0.9868796349115802,0.995826737660095,0.9867606849906462,0.995826737660095,0.9913329990688347,0.9995258308080885,0.9995258666226114
2,2.0,6882.0,66.0,27.0,6923.0,0.02030775699296785,0.9933083896963592,0.9996855158360358,0.9866323069846632,0.9905565889254543,0.9961151079136691,0.9905008635578584,0.9961151079136691,0.9933280723150871,0.9996508291229456,0.999650859818977
3,3.0,6876.0,73.0,27.0,6923.0,0.02231521663406151,0.9928052377868911,0.9996281437937864,0.9856320609286431,0.9895654659805603,0.9961151079136691,0.9894948913512736,0.9961151079136691,0.9928294851570343,0.9996156677379071,0.9996156964358163
4,4.0,6851.0,98.0,36.0,6914.0,0.026865896206951925,0.9903590186344341,0.999525484231984,0.9807570564422836,0.9860239589275528,0.994820143884892,0.9858972514030796,0.994820143884892,0.9904025211287781,0.9995177469461065,0.9995177823635901
