,Foldid,tn,fp,fn,tp,loss,acc,auc,mcc,precision,recall,specificity,f1
0,0.0,10730.0,325.0,244.0,10812.0,0.07338527992656184,0.9742662023427253,0.9965473742980924,0.9485578472213407,0.970817994073808,0.9779305354558611,0.9706015377657169,0.9743612850898931
1,1.0,10738.0,317.0,255.0,10801.0,0.07600513313095868,0.9741305232689611,0.996585132815072,0.948275945277867,0.9714876776398633,0.9769356005788712,0.9713251922207146,0.9742040227293226
2,2.0,10746.0,309.0,239.0,10817.0,0.0684272211922309,0.9752159558590747,0.9969675206391408,0.9504509495560968,0.9722272155311882,0.9783827785817656,0.9720488466757123,0.9752952844648813
3,3.0,10699.0,356.0,284.0,10772.0,0.08244089841964632,0.9710551309303062,0.9955652314993902,0.9421302246238945,0.9680086268871315,0.9743125904486252,0.9677973767526006,0.9711503786512802
4,4.0,10786.0,270.0,206.0,10850.0,0.06068518242585458,0.9784732272069464,0.9975194161848848,0.9569624880655767,0.9757194244604317,0.9813675832127352,0.9755788712011577,0.9785353535353535
