,TP:,FP:,TN:,FN:,TPR:,TNR:,PPV:,NPV:,FNR:,FPR:,FDR:,FOR:,ACC:,AUC:,AUPRC:,F1:,MCC:,BM:,MK:
0,1473,224,1276,27,0.982,0.8506666666666667,0.868002357100766,0.9792785878741366,0.018,0.14933333333333335,0.13199764289923394,0.02072141212586339,0.9163333333333333,0.9663806666666667,0.9578499072261804,0.9214888958398498,0.8453649942669208,0.8326666666666667,0.8472809449749026
