,Foldid,tn,fp,fn,tp,loss,acc,auc,mcc,precision,recall,specificity,f1
0,0.0,10494.0,561.0,440.0,10616.0,0.11548698086206131,0.954728415720682,0.9919747524383085,0.909511262472498,0.9498076406907041,0.9602026049204052,0.9492537313432836,0.9549768362344262
1,1.0,10492.0,563.0,452.0,10604.0,0.12013940951522377,0.9540952467097824,0.9911758509452476,0.9082362308636608,0.9495835945195665,0.9591172214182344,0.9490728177295341,0.95432659856905
2,2.0,10399.0,656.0,467.0,10589.0,0.12916757090434275,0.9492108000542716,0.9899370238663283,0.8985528359171813,0.9416629613161405,0.9577604920405209,0.9406603346901854,0.9496435137437782
3,3.0,10527.0,528.0,402.0,10654.0,0.11179890712179531,0.9579394871331012,0.992274255613133,0.9159384195256448,0.95278125558934,0.9636396526772794,0.9522388059701492,0.958179692418383
4,4.0,10506.0,550.0,437.0,10619.0,0.11546318512140367,0.9553636034732272,0.9919193856012071,0.910774779139148,0.950756558331095,0.9604739507959479,0.9502532561505065,0.9555905511811023
