,Foldid,tn,fp,fn,tp,loss,acc,auc,mcc,precision,recall,specificity,sensitivity,f1,prauc,av_prc
0,0.0,5799.0,201.0,142.0,5858.0,0.07066442630517607,0.9714166666666667,0.9969608055555556,0.9428789200120292,0.9668262089453705,0.9763333333333334,0.9665,0.9763333333333334,0.971556513807115,0.9969845475593069,0.9969847987701475
1,1.0,5960.0,40.0,37.0,5963.0,0.017256373558894363,0.9935833333333334,0.9998043333333333,0.9871667900625232,0.993336665000833,0.9938333333333333,0.9933333333333333,0.9938333333333333,0.9935849370990587,0.9998074474312141,0.9998074632419883
2,2.0,5884.0,116.0,90.0,5910.0,0.04382952779655655,0.9828333333333333,0.9987576944444444,0.9656757333313927,0.9807500829737803,0.985,0.9806666666666667,0.985,0.9828704473640446,0.9987354838449812,0.9987355920053733
3,3.0,5927.0,73.0,63.0,5937.0,0.03190096053931241,0.9886666666666667,0.9993243888888889,0.9773346907435686,0.9878535773710483,0.9895,0.9878333333333333,0.9895,0.9886761032472939,0.9993251527516547,0.9993252094293792
4,4.0,5823.0,177.0,140.0,5860.0,0.06432756052845313,0.9735833333333334,0.9974265555555556,0.947184676502083,0.97068080172271,0.9766666666666667,0.9705,0.9766666666666667,0.9736645343524134,0.9974023526961004,0.9974025730327611
