,Foldid,tn,fp,fn,tp,loss,acc,auc,mcc,precision,recall,specificity,f1
0,0.0,10603.0,452.0,342.0,10714.0,0.09947670118199302,0.9640902718104111,0.9941762826114133,0.9282264588456306,0.9595199713415726,0.9690665701881331,0.9591135232926278,0.964269642696427
1,1.0,10575.0,480.0,375.0,10681.0,0.10333945720351366,0.9613314639772059,0.9936730879872444,0.9227045109892154,0.956993100976615,0.9660817655571635,0.9565807327001357,0.9615159562497186
2,2.0,10609.0,446.0,325.0,10731.0,0.09615507948744179,0.9651304780426032,0.9944611650993813,0.9303166436147027,0.9600966270018788,0.9706041968162084,0.9596562641338761,0.9653218189178248
3,3.0,10602.0,453.0,343.0,10713.0,0.09812301809563684,0.9639998190945683,0.9942492428660538,0.9280455443768089,0.9594304137560451,0.9689761215629522,0.9590230664857531,0.9641796417964178
4,4.0,10561.0,495.0,320.0,10736.0,0.1004360778966188,0.9631421852387844,0.9938921367093664,0.926400428721177,0.9559255631733594,0.9710564399421129,0.9552279305354558,0.9634315968950509
