,Foldid,tn,fp,fn,tp,loss,acc,auc,mcc,precision,recall,specificity,sensitivity,f1,prauc,av_prc
0,0.0,9467.0,469.0,367.0,9569.0,0.1080396776859935,0.9579307568438004,0.9931755566543753,0.9159097763548131,0.9532775453277545,0.9630636070853462,0.9527979066022544,0.9630636070853462,0.9581455892660459,0.9923770892204515,0.9923818114807674
1,1.0,9495.0,441.0,329.0,9607.0,0.10177433184661487,0.9612520128824477,0.9940126927067532,0.9225626385749306,0.9561106687898089,0.9668880837359098,0.9556159420289855,0.9668880837359098,0.9614691753402721,0.9938251606417428,0.993825484781616
2,2.0,9496.0,440.0,321.0,9615.0,0.10508549278946938,0.9617049114331723,0.9935186036041291,0.9234760570176866,0.9562406762804575,0.9676932367149759,0.9557165861513688,0.9676932367149759,0.9619328697914061,0.9932153692393738,0.9932157634651022
3,3.0,9506.0,430.0,328.0,9608.0,0.10519305072745815,0.9618558776167472,0.9935200470207395,0.9237604315807115,0.9571627814305639,0.966988727858293,0.9567230273752013,0.966988727858293,0.9620506658656253,0.9932360573018967,0.9932364505301843
4,4.0,9442.0,494.0,369.0,9567.0,0.11443971095069787,0.9565720611916264,0.9924358385616415,0.9132163923322302,0.9508995129708776,0.9628623188405797,0.9502818035426731,0.9628623188405797,0.9568435265289793,0.9922709918649879,0.9922714209605803
