,Foldid,tn,fp,fn,tp,loss,acc,auc,mcc,precision,recall,specificity,f1
0,0.0,8080.0,2975.0,2646.0,8410.0,0.5193109682697404,0.7457826421238297,0.8185114790800634,0.49178240768226933,0.7386912604303909,0.7606729377713459,0.730890999547716,0.7495209660888553
1,1.0,8262.0,2793.0,2957.0,8099.0,0.5201342722749694,0.7399484419519696,0.8184375452038584,0.4799500422753448,0.743573264781491,0.7325434153400868,0.7473541383989145,0.7380171314014944
2,2.0,7151.0,3904.0,2474.0,8582.0,0.5559188247045083,0.7115462891773325,0.7844125110207416,0.4266735834321456,0.6873298093865129,0.7762301013024602,0.6468566259611036,0.7290799422309064
3,3.0,7606.0,3449.0,2542.0,8514.0,0.5442905770212494,0.729048889692913,0.798149971756793,0.4596452492210748,0.711694391039037,0.7700795947901592,0.6880144730890999,0.7397367392154307
4,4.0,0.0,11056.0,0.0,11056.0,50.0,0.5,0.5,0.0,0.5,1.0,0.0,0.6666666666666666
