,Foldid,tn,fp,fn,tp,loss,acc,auc,mcc,precision,recall,specificity,f1
0,0.0,10368.0,687.0,571.0,10485.0,0.14384627811006526,0.9431052417348831,0.9872713216577289,0.8862592160399587,0.9385069817400644,0.9483538350217077,0.9378561736770692,0.9434047147741588
1,1.0,10463.0,592.0,427.0,10629.0,0.11800604532738779,0.9539143412780968,0.9913630194639225,0.9079297450596184,0.9472417788075929,0.9613784370477568,0.9464495703301673,0.9542577546348251
2,2.0,10491.0,564.0,461.0,10595.0,0.11694060211093006,0.9536429831305685,0.9914433923331639,0.9073253056256917,0.9494578367237207,0.9583031837916064,0.9489823609226594,0.9538600045014631
3,3.0,10436.0,619.0,474.0,10582.0,0.13011509015765993,0.9505675907919136,0.9893005044505143,0.901212639513373,0.9447370770466923,0.9571273516642547,0.94400723654455,0.9508918542481017
4,4.0,10491.0,565.0,452.0,10604.0,0.11923701077020375,0.9540068740955138,0.9911665374185046,0.9080611786451391,0.9494135553764885,0.9591172214182344,0.948896526772793,0.9542407199100111
