,TP:,FP:,TN:,FN:,TPR:,TNR:,PPV:,NPV:,FNR:,FPR:,FDR:,FOR:,ACC:,AUC:,F1:,MCC:,BM:,MK:
0,1319,89,1411,181,0.8793333333333333,0.9406666666666667,0.9367897727272727,0.8863065326633166,0.12066666666666667,0.059333333333333335,0.06321022727272728,0.11369346733668342,0.91,0.9678742222222222,0.9071526822558459,0.8358928139918449,0.8199999999999998,0.8230963053905893
