,Foldid,tn,fp,fn,tp,loss,acc,auc,mcc,precision,recall,specificity,f1
0,0.0,9341.0,1714.0,1438.0,9618.0,0.3292923855127039,0.8574465198317579,0.9342294497123642,0.7151155998472025,0.8487469114013413,0.8699348769898697,0.8449570330167345,0.8592102912274431
1,1.0,9415.0,1640.0,1306.0,9750.0,0.31486179386441004,0.8667631495635656,0.9398100153423121,0.7338609155361557,0.8560140474100087,0.8818740955137482,0.8516508367254636,0.8687516706762898
2,2.0,9434.0,1621.0,1471.0,9585.0,0.32402407246913534,0.8601601013070418,0.9356877957273231,0.7203863408365445,0.8553453507049795,0.8669500723589001,0.8533695160560832,0.8611086155781152
3,3.0,9371.0,1684.0,1370.0,9686.0,0.3221756223476131,0.8618787029080548,0.9369890982202526,0.7240491488909461,0.8518909410729991,0.8760853835021708,0.847670737222976,0.8638187817711586
4,4.0,9478.0,1578.0,1335.0,9721.0,0.3052741359762966,0.8682615774240231,0.9431648769139505,0.7367011180779948,0.8603416231524914,0.8792510853835022,0.8572720694645442,0.8696935808543951
