,Foldid,tn,fp,fn,tp,loss,acc,auc,mcc,precision,recall,specificity,f1
0,0.0,7575.0,3480.0,2505.0,8551.0,0.5408061753295826,0.7293202478404414,0.8002484739504686,0.4604324026480228,0.710747236306209,0.7734261939218524,0.6852103120759837,0.7407632000693031
1,1.0,7977.0,3078.0,2307.0,8749.0,0.5049457451709656,0.7564560625932794,0.8298637756160652,0.5141624430816318,0.7397480341591274,0.79133502170767,0.7215739484396201,0.7646724642747891
2,2.0,7216.0,3839.0,2512.0,8544.0,0.5565314371622184,0.7127674008412103,0.783111081711558,0.4286306407656643,0.6899781959137528,0.7727930535455861,0.6527363184079602,0.7290413413541533
3,3.0,8443.0,2612.0,2321.0,8735.0,0.4765308012303943,0.7768983763737506,0.8516958033146987,0.553988165289412,0.7698069974442584,0.7900687409551375,0.7637268204432384,0.779806275945186
4,4.0,7670.0,3386.0,2840.0,8216.0,0.5642310702248696,0.7184334298118669,0.7816563234322412,0.4374005674995677,0.7081537665919669,0.7431259044862518,0.6937409551374819,0.7252184658840145
