,Foldid,tn,fp,fn,tp,loss,acc,auc,mcc,precision,recall,specificity,f1
0,0.0,10769.0,286.0,161.0,10895.0,0.05687424697476905,0.9797838180091357,0.9978286234594689,0.9596289562703254,0.9744208925856364,0.9854377713458755,0.9741293532338309,0.9798983675855556
1,1.0,10764.0,291.0,176.0,10880.0,0.06462879677739376,0.9788792908507078,0.9974721061512594,0.9578103821241867,0.973950407304628,0.984081041968162,0.9736770691994573,0.9789895172537904
2,2.0,10805.0,250.0,157.0,10899.0,0.05384468912328903,0.9815928723259916,0.9980165651482099,0.9632198115877225,0.977576464256884,0.9857995658465991,0.9773857982813207,0.9816707948660213
3,3.0,10514.0,541.0,310.0,10746.0,0.1050780756237883,0.9615123694088915,0.9931128096852928,0.9232262209069836,0.9520687516612032,0.9719609261939218,0.951062867480778,0.9619120082352415
4,4.0,10790.0,266.0,177.0,10879.0,0.057650322433023315,0.9799656295224313,0.9975996917940191,0.9599623629701127,0.9761327949753252,0.9839905933429812,0.9759406657018813,0.980045943876402
