,Foldid,tn,fp,fn,tp,loss,acc,auc,mcc,precision,recall,specificity,f1
0,0.0,8060.0,2995.0,2666.0,8390.0,0.5133187617619861,0.7439735878069739,0.8248401869746125,0.4881626910112571,0.7369345630215195,0.7588639652677279,0.7290818634102216,0.7477385143264561
1,1.0,8439.0,2616.0,2562.0,8494.0,0.4813757427975203,0.7658179186830084,0.8479704531218397,0.531642074894549,0.7645364536453645,0.7682706222865412,0.7633649932157395,0.7663989894432914
2,2.0,8043.0,3012.0,3038.0,8018.0,0.557071153249892,0.7263805345755506,0.7879591075670196,0.4527623783134108,0.7269265639165912,0.7252170767004341,0.7275440976933514,0.7260708140903741
3,3.0,8320.0,2735.0,2317.0,8739.0,0.4869715513472889,0.7715164397811044,0.8446364251627011,0.5434206577829244,0.7616350008715357,0.7904305354558611,0.7526006331976481,0.7757656458055926
4,4.0,8356.0,2700.0,2288.0,8768.0,0.47353414209982764,0.7744211287988423,0.8548892030520586,0.5492237347435297,0.7645622602023021,0.7930535455861071,0.7557887120115774,0.7785473272953295
