,Foldid,tn,fp,fn,tp,loss,acc,auc,mcc,precision,recall,specificity,f1
0,0.0,9653.0,1402.0,1220.0,9836.0,0.2745359197442931,0.8814164895300981,0.9545686251023531,0.7629361909866287,0.8752447054636057,0.8896526772793053,0.8731795567616463,0.8823898806853862
1,1.0,9595.0,1460.0,1156.0,9900.0,0.28362637331525536,0.8816878476776265,0.9515497109898475,0.7636641665671537,0.8714788732394366,0.8954413892908828,0.8679330619629128,0.8832976445396145
2,2.0,9681.0,1374.0,1152.0,9904.0,0.27527837763863044,0.8857582198905523,0.954460033571126,0.7716718270845518,0.8781698882780635,0.8958031837916064,0.8757123473541384,0.886898898540342
3,3.0,9732.0,1323.0,1191.0,9865.0,0.26826964476652976,0.886300936185609,0.9565567398830084,0.7726568252768308,0.881748301751877,0.8922756874095513,0.8803256445047489,0.8869807588563208
4,4.0,9651.0,1405.0,1183.0,9873.0,0.28397043139906936,0.882959479015919,0.9515630677581935,0.7660734102195615,0.8754211739670155,0.8929992764109985,0.8729196816208393,0.8841228620041194
