,Foldid,tn,fp,fn,tp,loss,acc,auc,mcc,precision,recall,specificity,f1
0,0.0,10940.0,115.0,83.0,10973.0,0.026342263748735103,0.9910451811315635,0.999553328607587,0.9820944739121968,0.9896284271284271,0.9924927641099855,0.9895974672094076,0.9910585260115607
1,1.0,11007.0,48.0,35.0,11021.0,0.015246735570131708,0.9962462122925241,0.9997579200432517,0.9924931103339591,0.9956635649110127,0.9968342981186686,0.9956580732700135,0.9962485875706215
2,2.0,10747.0,308.0,195.0,10861.0,0.06860139587096575,0.9772511419655375,0.9968287591119523,0.9545521261624945,0.9724236726654132,0.9823625180897251,0.972139303482587,0.9773678290213723
3,3.0,10948.0,107.0,82.0,10974.0,0.028003749991807332,0.991452218352856,0.9993549429866848,0.9829069480022498,0.990343831784135,0.9925832127351665,0.9903211216644052,0.9914622577585038
4,4.0,10972.0,84.0,64.0,10992.0,0.022132536133944343,0.9933068017366136,0.9995517287271639,0.9866152177652502,0.9924160346695557,0.9942112879884226,0.9924023154848046,0.993312850171697
