,Foldid,tn,fp,fn,tp,loss,acc,auc,mcc,precision,recall,specificity,f1
0,0.0,9442.0,1613.0,1731.0,9325.0,0.3371027159154952,0.8487630591108498,0.92979544210928,0.697565998730174,0.8525324556591699,0.8434334298118669,0.8540931705110809,0.8479585341456761
1,1.0,9222.0,1833.0,1653.0,9403.0,0.34858576610180975,0.8423409162860115,0.9248888557803013,0.6847723679764053,0.8368636525453899,0.8504884225759769,0.8341926729986432,0.8436210299659072
2,2.0,9229.0,1826.0,1829.0,9227.0,0.36544192152707805,0.8346976617972954,0.9173410632340206,0.6693953516212687,0.8347959829910432,0.8345694645441389,0.8348258706467662,0.8346827083992944
3,3.0,9603.0,1452.0,1611.0,9445.0,0.3159876727091722,0.8614716656867623,0.9388776336054236,0.7230182898448313,0.8667523171515096,0.8542872648335745,0.8686567164179104,0.8604746503894684
4,4.0,9591.0,1465.0,1517.0,9539.0,0.30951678598712046,0.8651410998552822,0.9414265142225555,0.7302902772400504,0.8668665939658307,0.8627894356005789,0.8674927641099855,0.8648232094288304
