,Foldid,tn,fp,fn,tp,loss,acc,auc,mcc,precision,recall,specificity,sensitivity,f1,prauc,av_prc
0,0.0,9816.0,120.0,82.0,9854.0,0.03144835636988944,0.9898349436392915,0.9992223327119654,0.9796770519875716,0.9879687186685382,0.9917471819645732,0.9879227053140096,0.9917471819645732,0.9898543445504772,0.9991633561568084,0.9991633952991699
1,1.0,9868.0,68.0,42.0,9894.0,0.01815283052492422,0.9944645732689211,0.9996810910276657,0.9889325323350454,0.9931740614334471,0.9957729468599034,0.9931561996779388,0.9957729468599034,0.9944718062116796,0.9995410578874497,0.9994933845157451
2,2.0,9856.0,80.0,56.0,9880.0,0.022657733186038066,0.9931561996779388,0.999542619260854,0.9863152766596517,0.9919678714859438,0.9943639291465378,0.9919484702093397,0.9943639291465378,0.9931644551668677,0.9995008453494586,0.9995008674415238
3,3.0,9875.0,61.0,41.0,9895.0,0.018429720879366677,0.9948671497584541,0.9997042768565843,0.9897363045741276,0.9938730413820811,0.9958735909822867,0.9938607085346216,0.9958735909822867,0.9948723104765735,0.9996730719393725,0.9996728661647232
4,4.0,9851.0,85.0,61.0,9875.0,0.025396118166041187,0.9926529790660226,0.9994282905360814,0.9853088324997948,0.9914658634538153,0.9938607085346216,0.9914452495974235,0.9938607085346216,0.9926618415761962,0.9993910661429719,0.9993910924777213
