,Foldid,tn,fp,fn,tp,loss,acc,auc,mcc,precision,recall,specificity,sensitivity,f1,prauc,av_prc
0,0.0,9750.0,186.0,162.0,9774.0,0.04809432681915185,0.982487922705314,0.9984299375098863,0.9649786604706877,0.9813253012048193,0.9836956521739131,0.981280193236715,0.9836956521739131,0.9825090470446322,0.9984502495187926,0.9984503287356079
1,1.0,9770.0,166.0,143.0,9793.0,0.04827035152761643,0.9844504830917874,0.9983580604273146,0.9689035620577925,0.9833316598052013,0.9856078904991948,0.9832930756843801,0.9856078904991948,0.9844684594119125,0.9981579160082732,0.9981099628231986
2,2.0,9745.0,191.0,145.0,9791.0,0.048290899152857746,0.9830917874396136,0.9983639759031069,0.9661939293792554,0.9808655580044079,0.9854066022544283,0.9807769726247987,0.9854066022544283,0.9831308364293604,0.9983942026273535,0.9983942680140088
3,3.0,9740.0,196.0,159.0,9777.0,0.05055597667367124,0.9821356682769726,0.9982251648067763,0.9642780223644138,0.9803469367291687,0.9839975845410628,0.9802737520128825,0.9839975845410628,0.9821688683509969,0.9981951607731838,0.9981952370410827
4,4.0,9720.0,216.0,176.0,9760.0,0.057318324004202455,0.9802737520128825,0.9977358212527973,0.9605552878128536,0.9783480352846833,0.9822866344605475,0.9782608695652174,0.9822866344605475,0.980313378867015,0.9977141893285701,0.9977143096142895
