,Foldid,tn,fp,fn,tp,loss,acc,auc,mcc,precision,recall,specificity,f1
0,0.0,10818.0,237.0,179.0,10877.0,0.0552771833010618,0.981185835104699,0.9978440827699419,0.9623849052666106,0.9786755443584668,0.9838096960926194,0.978561736770692,0.981235904375282
1,1.0,10715.0,340.0,243.0,10813.0,0.07224864393430888,0.9736330333318258,0.9965691171494194,0.9473025087721981,0.9695149287187304,0.978020984081042,0.9692446856625961,0.9737493808816244
2,2.0,10665.0,390.0,279.0,10777.0,0.08109779883517937,0.9697435665505857,0.9957640834768403,0.9395344623967156,0.9650756693830035,0.9747648335745297,0.9647218453188603,0.9698960536381227
3,3.0,10811.0,244.0,183.0,10873.0,0.05565911709229845,0.9806883451675636,0.9978396769278198,0.9613913150750705,0.9780516326347036,0.9834479015918958,0.9779285391225689,0.9807423442926082
4,4.0,10794.0,262.0,203.0,10853.0,0.05914129652355848,0.9789706946454414,0.9976277401941124,0.9579550296618458,0.9764282501124606,0.9816389290882779,0.9763024602026049,0.9790266564431014
