,TP:,FP:,TN:,FN:,TPR:,TNR:,PPV:,NPV:,FNR:,FPR:,FDR:,FOR:,ACC:,AUC:,AUPRC:,F1:,MCC:,BM:,MK:
0,1370,88,1412,130,0.9133333333333333,0.9413333333333334,0.9396433470507545,0.9156939040207522,0.08666666666666667,0.058666666666666666,0.06035665294924554,0.08430609597924774,0.9273333333333333,0.9715100000000001,0.9651771896301096,0.9263015551048005,0.8651747705647952,0.8546666666666667,0.8553372510715067
