,Foldid,tn,fp,fn,tp,loss,acc,auc,mcc,precision,recall,specificity,f1
0,0.0,10448.0,607.0,461.0,10595.0,0.12346877422608156,0.9516982497399484,0.9904987094196168,0.9034752285991725,0.945813247634351,0.9583031837916064,0.9450927182270465,0.9520172522239196
1,1.0,10421.0,634.0,478.0,10578.0,0.13150740921144208,0.949708289991407,0.9893584635695355,0.8995060703522866,0.9434534427399215,0.9567655571635311,0.9426503844414292,0.9500628704867972
2,2.0,10453.0,602.0,465.0,10591.0,0.12313304826692047,0.9517434760978698,0.9906863279314517,0.9035562766993915,0.9462163852407754,0.9579413892908828,0.9455450022614201,0.9520427884399298
3,3.0,10512.0,543.0,437.0,10619.0,0.12020027522510042,0.9556781692370313,0.9910176128959205,0.9113981930489007,0.9513528041569611,0.9604739507959479,0.9508819538670285,0.9558916194076874
4,4.0,10367.0,689.0,530.0,10526.0,0.13812755891856468,0.9448715629522432,0.9882215413087119,0.8898351497138557,0.9385644226482389,0.9520622286541245,0.9376808972503617,0.9452651430110907
