,TP:,FP:,TN:,FN:,TPR:,TNR:,PPV:,NPV:,FNR:,FPR:,FDR:,FOR:,ACC:,AUC:,F1:,MCC:,BM:,MK:
0,2301,624,2157,456,0.8346028291621328,0.7756202804746494,0.7866666666666666,0.8254879448909299,0.16539717083786726,0.2243797195253506,0.21333333333333335,0.17451205510907003,0.8049837486457205,0.8597956077152897,0.8099260823653643,0.6855290140158317,0.6102231096367823,0.6121546115575964
