,Foldid,tn,fp,fn,tp,loss,acc,auc,mcc,precision,recall,specificity,f1
0,0.0,8244.0,2811.0,2646.0,8410.0,0.5054923764217994,0.7531997648229388,0.8302565419187445,0.506455604314003,0.7494875679529454,0.7606729377713459,0.7457259158751696,0.7550388292858105
1,1.0,8135.0,2920.0,2471.0,8585.0,0.5034593348640917,0.756184704445751,0.831870511931855,0.5127915971924955,0.7461973055193394,0.7765014471780028,0.7358661239258254,0.7610478258942422
2,2.0,8403.0,2652.0,2643.0,8413.0,0.49225315453104646,0.7605264348062051,0.8407561668699,0.5210530236545072,0.7603253502033439,0.7609442836468886,0.7601085481682497,0.7606346910175852
3,3.0,7748.0,3307.0,2454.0,8602.0,0.5312786277407658,0.7394509520148342,0.8084984890047853,0.48033195462292916,0.7223108573347888,0.7780390738060782,0.7008593396653098,0.7491399956455476
4,4.0,8028.0,3028.0,2682.0,8374.0,0.5248285361637083,0.7417691751085383,0.8145311263039785,0.4837753108589805,0.7344325556919838,0.7574167872648335,0.7261215629522432,0.7457476177754029
