,Foldid,tn,fp,fn,tp,loss,acc,auc,mcc,precision,recall,specificity,sensitivity,f1,prauc,av_prc
0,0.0,7142.0,2794.0,2205.0,7731.0,0.5068551633093092,0.7484400161030595,0.8281967859194173,0.49775536947229937,0.7345368171021378,0.7780797101449275,0.7188003220611916,0.7780797101449275,0.7556815404916671,0.8117327260660492,0.8117609055068574
1,1.0,7169.0,2767.0,2204.0,7732.0,0.5097021052610855,0.7498490338164251,0.826754838048859,0.5005021834737611,0.7364510905800552,0.7781803542673108,0.7215177133655395,0.7781803542673108,0.7567408857352581,0.8056325373223319,0.8057131740056671
2,2.0,7065.0,2871.0,2621.0,7315.0,0.5525124594209275,0.7236312399355878,0.790274605300007,0.44740412302554,0.7181425485961123,0.7362117552334944,0.7110507246376812,0.7362117552334944,0.7270649040850808,0.7692901558258401,0.7693394098200053
3,3.0,7424.0,2512.0,2357.0,7579.0,0.5103906719388978,0.7549818840579711,0.8280764809434163,0.5100258305538167,0.7510653057179665,0.7627818035426731,0.7471819645732689,0.7627818035426731,0.7568782144105458,0.814455704218539,0.8144764954639473
4,4.0,7648.0,2288.0,2383.0,7553.0,0.4991663151125209,0.7649456521739131,0.8366126188686498,0.529915526382384,0.7675033025099075,0.7601650563607085,0.7697262479871175,0.7601650563607085,0.7638165545836072,0.8249328414104875,0.8249517599333847
